tlsh,sha256,first_seen
T15F637D1636A58432E8B31A7058B0E762DE6B7D525B70C2CB2B98126A5FF03C15F3537B,08c7dfde13ade4b13350ae290616d7c2f4a87cbeac9a3886e90a175ee40fb641,20200313
T109637E1736A5C032E8A3497059B0E773DD7BB951AB70818B2B9C12AA5FF03C15B3536B,d4492a9eb36f87a9b3156b59052ebaf10e264d5d1ce4c015a6b0d205614e58e3,20200313
T1C4F2E17626492C18DE634E3150E04E267E3571C1AEF8C3D9A436D4836B623586F4E33F,5ab834f599c6ad35fcd0a168d93c52c399c6de7d1c20f33e25cb1fdb25aec9c6,20200313
T1C9636C1636A88431E8B31A7058B0D662DE6B7D519AB0C1CB6B98226E5FF03C15F3537B,7a73032ece59af3316c4a64490344ee111e4cb06aaf00b4a96c10adfdd655599,20200319
T15456126323250156E0D38C36862B7EE531FB07669B42ECFE67D76DC526221E4F322993,fd3c8be2d1ead92101e8909a85695a0a40c2576c87eefeef6d32376a7fe22f1c,20200319
T18356126323250156E0D38C36862B7EE531FB07669B42ECFE67D76DC526221E4F322993,5da71f76b9caea411658b43370af339ca20d419670c755b9c1bfc263b78f07f1,20200319
T157463389603279D5F0D6BE220E0E60D001F655520F91F6991F43EFED92728EBB2D1B2B,f51f128bca4dc6b0aa2355907998758a2e3ac808f14c30eb0b0902f71b04e3d5,20200319
T15256338D87952AF8D3E1A574984E033A2B6D07F86CF8A9CF0703095BE5845EDDB479C8,205ddcd3469193139e4b93c8f76ed6bdbbf5108e7bcd51b48753c22ee6202765,20200319
T100437C1736A9C071E8721A705C70D6A2DE6B7D529A70828B3F98236E5FF02C15F35376,fdaefa45c8679a161c6590b8f5bb735c12c9768172f81c930bb68c93a53002f7,20200321
T1DE14E1167291A071DEA259707872DB77B937BC8296B041F71BDC31690EF03C36A2672B,5104b8abb22cca1b078dd5b86e61f515a73404b0269fe7e6765ec818fbdf830b,20200407
T117826B9339B4BB52FFB135B020D4F9778BFCF5670D22AD73580051A8946498BEE2894B,3080b45bab3f804a297ec6d8f407ae762782fa092164f8ed4e106b1ee7e24953,20200408
T1D3A23C5326F4BE01FFF226B025E494238F78F6925E35CDEB8D0080185A64A83ED75A87,b8066b7ec376bc5928d78693d236dbf47414571df05f818a43fb5f52136e8f2e,20200419
T1E6826CA37DF4DBB2E7E031B121D4B46787EDE5270D26EE73994015AD942480BEC6CA83,8be1c54a1a4d07c84b7454e789a26f04a30ca09933b41475423167e232abea2b,20200421
T1E6A23D5326F4BE02FFF366B025E4A5278F78F6925E31CDEB9D0040184A60943ED75A57,fcc2921020690a58c60eba35df885e575669e9803212f7791d7e1956f9bf8020,20200423
T1C2A26CD77A309871EFB38A70B0E4A9169FFDFC521D72D9F98C1480488EF0E91A95854B,23af816ae27499005c21dac1eefaa5a24ca403c636ec332daf5423144eef364b,20210401
T111A26CD77A309871EFB38A70B0E4A9169FFDFC521D72D9F98C1480488EF0E91A95854B,eacbf729bb96cf2eddac62806a555309d08a705f6084dd98c7cf93503927c34f,20200504
T154A24BDB7A309971FFB38A70B0E469169FBDFC111D72D9B9CC2480488DF0E91A95824B,9c6b020769101b8274ec0814628a42efb45fce1798a3d5abf35a78021ec3eca4,20200505
TNULL,bfd22a73a2cc7182b089ad9a38bf8da7a4a773b0a16c88119818842e2b7b6845,20200509
TNULL,e3ffac08c5f1ea653541d40ccbf138b700ceebbebb4e259a30bbda8fccaaadd7,20200511
TNULL,55faa6700d93975fd283739bd76c4eac07b36acfbd41b54b2609f4cc2221308e,20200511
TNULL,e0ac801cd6a24463a465e37e6157052d6be89341d04b4992c7a0fc2d47654efc,20200512
TNULL,b8183a837580e6b23041ecfbc119c7a7d615ffec188293245117b9fa1b6719e7,20200512
TNULL,020163bcc591f71aa73e5f530aff65c73cc819753a6488e1a24ef795179aa12e,20200513
TNULL,f57e9123163bf78b62eddce869e28b883bda4784a7c19d857652b952ed2c5ac1,20200513
TNULL,d303cbd213152616542e83b0d1d113ee10dcdacc189f4fda345a2b7854bbb04d,20200513
T1FDA25BDB7A309931EBB38E70B0E465168FFDFC521D76D9B9CC1481498EF0E91A61814B,e7782335cc26b9362ec4525d23f0e6c1bf32b0cadcfa2d95f4955aed2e350cfd,20200528
TNULL,be4f7139b2b44e2a7c98e15ff1fd923135bc603423a191df2252c6f8dd6138f7,20200529
T19C82AE561E546C26EEE30E3032FDD72B6E71B651AEF5C5DD2925C0504BD23C22AA832F,4d2173874fa4782247f33413de10cc6ab2784d04946f75c36492b9f572249a96,20200529
T108927D497E249D21EF734E7471ECB417AFBCB9424DB1CD77094CC0488FA478AA96921B,e0e28b17c7c3b18cdba124543f240b11e4a505f8e1fc26a36040628baa4f953c,20200601
TNULL,24ada19b269279612370bdf16f2becc1d5b7e0f69821050e2d9b48cfc874dca0,20200601
TNULL,05bc55714999bca02eac26cfca8019d81080b63a1834483b9e2fadde7a65901f,20200605
TNULL,c8bb73322d9bee7d257d977a3561c61a2c0da92a9204ad262ae2d2368fc2911e,20200614
T1FE928D857B509D21EB734F7470E8B6229FBDB5801AB6DDFB144CC0844BA4F87E82964B,eb9a7ce77f7475b7652a66e548af6d7271ccadb35f2f947a4dfe63e522274374,20200615
TNULL,706a4b0e0b4fd4a2347e0c3ee1281182a04b4a89631aa934e6b48673c463fba4,20200616
T11FC53B42EEEB54F2EB9266718CF2236F3335D1090336E6C3DE144A76A81B5E50A3B355,a51fec27e478a1908fc58c96eb14f3719608ed925f1b44eb67bbcc67bd4c4099,20200709
TNULL,8501eb770da38523728b8cecc73cb49c863d368ed1d047fd2c25771b921fdb06,20200710
T131E53A07EED658E3D7F9F27149B257627772B068073277C31E548A7D190ABA42E2E308,c2b9f3b84e3e990e2c225e05ea65e7a3aaaf5a688864d0ee68ed2eece557fac0,20200715
T12FE53A07FDD654E3D7F9F23149B25B627776B068032277D31E948B7D190AAA42E2E308,f9ed3c070a2731acbfef6d4b2af980b6e922b2dda0e9227e02f4b4f3821f4b17,20200716
TNULL,7672243ced9a4f142f35f8ffc41a728e068a3e48f1110a790f67753c55147c46,20200716
T193E53A07FDD654E3D7F9F23149B25B627776B068032277D31E948B7D190AAA42E2E308,0bafde9b22d7147de8fdb852bcd529b1730acddc9eb71316b66c180106f777f5,20200825
T187C53A41EEEB54F2E782637188F2676F7335D1090332E6C3CE144A76A91B6E50A3B356,21873b75c829aa37d30c87e1bc29bebd042f7f3594d5373749270c42ab7c042f,20200919
T1BCC53B42EEEB54F2E782637148F2677B7335E5090332E6C3CE144A76A81B5E50A3B356,9e6be0a3bf10410a43c979902507647a4e4f4625a1470ad1ed90e460183b5995,20200919
T181C54B41EEEB54F2E782637148B2276F7335E5090336F6C3CE144AB6A91B1E50A3B356,ab7ae6803a010e1f92189c956080c46eca38c6325c1fcc0d766dd491212cbcd6,20200921
T1B146236353660D45E0E1CC3D893B7DE431FB036BCB40F8786AABDAC111629D5A693E93,bf49f122c16ae0eff99372a162821ce160d782c673c47c3b49d3fee7ad368cdb,20200922
T11BC53A41EEEB54F2E792637188F3236B7335D1090332E6C3CE584A76A91B5E50A3B356,e3dfc0485c5ecbeeb9a71473a25a6a8cdf616b7f05d66788ed6e6ade76aaf1af,20200923
T1B9A2194C39890421EBA2397822EC2A57C9BD71F26F555DCFD690E0808663FC3E56A737,e508f4cda8e32c9b0b6112865b955ff88fbc5b2cfdd27cc09121108a782badc5,20201009
T19056126323250156E0D38C36862B7EE531F707669B42ECFE67DB6DC526221E4F322993,36943b4609bb00733cb46723155a61f949b8196f6f993575b609c9b505daf19f,20201015
T13DA24ADA7A309971FFB38E30B4E469168FBDFC111D76D9B9CC1480488EF0E91A91825B,5723a06660155252894d701cc0b81cb5e1a4ebc12f1933ceb960e377b7b80a55,20201015
T1A0A26CD77A309871EFB38970B1E4A9168FFDFC121D76D9F98C1480488EF0E91A95864B,8cf8c85c5a5c4a251cc2a1958f101e54bfa9e09b8f9b936b6b6dcffb95a806be,20201015
T135A26CD77A309871EFB38970B1E4A9168FFDFC121D76D9F98C1480488EF0E91A95864B,0e98fc3cef45351492926495ac7e8b39342b48ab5a8fd6a5bb903cb005b15b8a,20201015
T12BE56C06FCE618F6C6BEF13085659223B632786943313FD71F94997A2A66FD42A3D340,9093233af919545a06bb718dd45e2b033be1caaf0844eec11c1f4cb8c0df3527,20201107
T16BE55B06FCE618F6CABEF130857192237671786943313BD71F94997A2A6ABD42E3D340,006c9ba4ca0218e7bd2c7c21653497d3215bbeefbc1f5c2781549b306bab8e5e,20201107
T1FAE55B06FCEA18F6C6BEF13085A192237671746943313BD71FA4997A2A66BD43E3D340,b0bc926e3d581a927f3b3e7ed07ca2c7f38f31441ceacb4ce8989cf913fa2c2d,20201125
T140E56C06FCE618F6C6BEF23085B192237671786943313BD31F94997A2A66FD46A3D340,dda5c2bcd1a1bacd2381fef6801e482bc3c3c39692b2ed9b2f5ba6acc149c193,20201211
T1F5E56C06FCE618F6C6BEF23085B152237671786943313BD31F949A7A2A66FD46A3D340,bf1c2448a13e4a536855a8af7b91a6e6da63af0254e6540fdb9f7731d855a957,20201209
T12FE56C06FCE618F6C6BEF23085B152237671786943313BD31F949A7A2A66FD46A3D340,c81c2c539ccba4c38add72e271fe63a2e389f2f645050289257fc6af4f47a82e,20201209
T1AE8533626C635BA1D94218701D7B4AE43E7274629F6DB3E64F02C59EB3762C3EFC2118,4dc141ee20ce53b0dedf32ef04902880f8045753edf52b663b44d9fc3dc23d66,20201211
T117E56C02FCE618F6C6BEF23085A153237671786943313BD31F949A7A2A66FD46A3D350,82bb6f8eeb55b309d982e3290e07c185b55779a528589d90f35fd58d4b677903,20201211
T19EE55C06FCE618F6C6BEF23085B152237671786943313BD31F949A7A2A66FD46A3D340,e7ccbcc9f500272f8b6422e9900c5131768cc9ca074e6cb8cc92bce385a7ee2e,20201212
T1F7E55B06FCE618F6C6BEF23085B193237671786543313BD31F949A7A2A66BD46A3D340,6959e3bae16089e401db299966bb56e5d9837ab1c8066d16a2559984c0994aea,20210305
T111E55B06FCE618F6C6BEF23085B193237671786543313BD31F949A7A2A66BD46A3D340,b6b30dc5255e60af93755f0a9d6edead7e0d2f2b558b4a3c92974eaa65d5856a,20210126
T1A8C39D1071C2C872E8B7193019E4EAB15E3DFA350F119EEBB38855794F306D1992AE7B,a2fe2942436546be34c1f83639f1624cae786ab2a57a29a75f27520792cbf3da,20210201
T118C39E1071C2C472E8B7193019E4EAB25E3DFA340F119FEBB394557A4F306D1992AA7B,d7730301815e33bd571c6ef6db91534de5b4a0e7a0f4eab41f2e5d6d6f330df2,20210202
T1D8C3AE1071C1C472E8B7193019E4EAB25E3DFA300F119EEBB398557A4F706D1992AE7B,e6419e828f0999bf2b6251b08cc3cd73c1977098d82165b725b53dba6afec700,20210215
T1B9D39D10B1C1C472E9A3293019E4EAB24E7CF6341F118EFBB79855794F70AD1952AE3B,2cc7c611392814071d4f76e93c966a7454885fcda6f0a1c267b158f941c17912,20210302
T10DC3AE1071C1C472E8B3193019E4EAB25E7DF6300F119EEBB398557A4F706D1992AE7B,f12a878217b770054bf75b9a9a1b3a1c12dc928e206f573e2ced85b0f0342b5c,20210317
T16EC38E0071C1C472D9B7193019E4EAB29E3DF9700F519EEBB398567A4F302D19A2AD7B,2e434bd96b08293786cd010883adfeacce5a30f5743d89c5187f38966b2e5d21,20210324
T10EA26CD77A309871EFB38970B1E4A9168FFDFC121D76D9F98C1480488EF0E91A95864B,33ede9893e2e9f22e7c293273beea147b88d13f846645e97e4126f7f7f8482e0,20210401
T1B7D56C16FCE618F6C6B9F23085759322B632346803323BD31F94957A2A66FD4AE3D354,64eb55a4979b90fcaf73b1acfea8d5bb17485c0ef03e61d67ac7b207e2421e09,20210406
T1FAE55C06FCE619F6C6BEF13085B192237671746943313BD31F94AD7A2A2ABD46A3D340,a4d9cf67d111b79da9cb4b366400fc3ba1d5f41f71d48ca9c8bb101cb4596327,20210420
T1B1F57D16FCE924F6C6BEF230866192227AB134A543313FD71F94997A1A66FD42E3D304,edd4bbf8c0e007270fbcc95c0edbef3e84ac43bb6592d4d678bcd25bb8fb97d1,20210424
T192F56C02FCE924F6C6BEF230866592227AB134A543313BD31F94997A1B66FD42E3D354,2d4b2b807ace9dfc3f13962c65f1b6b9b6ba80394c517729ada50d6302792d9c,20210501
T1D2F56E02FCE924F6C6BEF23085B192227AB174A943313BD31F94997A1666FD42E3D354,511fee839098dfa28dd859ffd3ece5148be13bfb83baa807ed7cac2200103390,20210514
T190F56C02FCE924F6C6BEF130857196227AB134A943313BD71F88597A1A6AFD42E3D354,fb3f622cf5557364a0a3abacc3e9acf399b3631bf3630acb8132514c486751e7,20210518
